{
  "version": 1,
  "author": "NevF",
  "editor": "wokwi",
  "parts": [
    { "type": "board-esp32-devkit-c-v4", "id": "esp", "top": -9.6, "left": -100.76, "attrs": {} },
    {
      "type": "wokwi-led",
      "id": "led1",
      "top": 150,
      "left": 51.8,
      "attrs": { "color": "limegreen" }
    },
    {
      "type": "wokwi-led",
      "id": "led2",
      "top": 82.8,
      "left": 51.8,
      "attrs": { "color": "yellow" }
    },
    { "type": "wokwi-led", "id": "led3", "top": 15.6, "left": 51.8, "attrs": { "color": "red" } }
  ],
  "connections": [
    [ "esp:TX", "$serialMonitor:RX", "", [] ],
    [ "esp:RX", "$serialMonitor:TX", "", [] ],
    [ "esp:GND.2", "led3:C", "black", [ "h19.2", "v38.4" ] ],
    [ "esp:23", "led3:A", "green", [ "v-19.2", "h96", "v48" ] ],
    [ "led2:A", "esp:21", "green", [ "h19.2", "v-57.6" ] ],
    [ "esp:GND.2", "led2:C", "black", [ "h28.8", "v105.6" ] ],
    [ "led1:A", "esp:4", "green", [ "h19.2", "v-57.6" ] ],
    [ "esp:GND.2", "led1:C", "black", [ "h28.8", "v172.8" ] ]
  ],
  "dependencies": {}
}